,address,bytecode,function_sighashes,is_erc20,is_erc721,block_timestamp,block_number
0,0x4474802a56731bf3066823679223f36d121df7fd,0x6d4946c0e9f43f4dee607b0ef1fa1c3318585733ff,[],False,False,2021-06-15 00:36:08+00:00,12635861
1,0x3949778a4cbe0323737951c825ccd1e476257f84,0x6d4946c0e9f43f4dee607b0ef1fa1c3318585733ff,[],False,False,2020-08-16 04:26:16+00:00,10668946
2,0x0039529794cba90a08ab4372a43f300999567b20,0x73693c188e40f760ecf00d2946ef45260b84fbc43e3318585733ff,[],False,False,2020-08-23 18:44:54+00:00,10718310
3,0x4b34f48d2e6adb8270227d07029464d986bf8cd9,0x6d4946c0e9f43f4dee607b0ef1fa1c3318585733ff,[],False,False,2020-07-10 21:51:37+00:00,10434225
4,0xf446ae21369a1abef37a7c7355dd97b8955ff71c,0x6eb3f879cb30fe243b4dfee438691c043318585733ff,[],False,False,2020-03-16 20:55:36+00:00,9684877
5,0x1e62082567ff2e6f3080fe08c935ee3d0259e7fb,0x6eb3f879cb30fe243b4dfee438691c043318585733ff,[],False,False,2020-03-26 05:20:06+00:00,9745006
6,0x47f4ca95777736465213c714600d03f62461bac6,0x6d4946c0e9f43f4dee607b0ef1fa1c3318585733ff,[],False,False,2021-05-30 03:48:23+00:00,12533403
7,0x380752cc60e8f8986220eff57e5e5be68b0b3242,0x6d4946c0e9f43f4dee607b0ef1fa1c3318585733ff,[],False,False,2020-11-28 20:16:20+00:00,11349177
8,0x12f428386cc41f116fc3feb529bc42dd559ecf4a,0x6080604052600080fd00a265627a7a723058204db7b4c23d84c45bc6bfca313e9bf687bc7d21aece12952499166b478d5fb0496c6578706572696d656e74616cf50037,[],False,False,2020-07-11 20:14:53+00:00,10440337
9,0xcd5a03356df29afc8d092e21be9993f3747cb0ff,0x6e051666bbfbb42925c3ee5d50cf6b103318585733ff,[],False,False,2021-06-15 04:38:42+00:00,12636941
10,0x41b6cad47c13d0c9184e0570d0e05206a9e7cf6a,0x60806040523615801560115750600034115b156082573373ffffffffffffffffffffffffffffffffffffffff16347f606834f57405380c4fb88d1f4850326ad3885f014bab3b568dfbf7a041eef7386000366040518080602001828103825284848281815260200192508082843760405192018290039550909350505050a360a8565b6000543660008037600080366000845af43d6000803e80801560a3573d6000f35b3d6000fd5b0000a165627a7a7230582009ad600070879c5d9739059132e69cc1b5b90d2b945f553b3f45ceea43d65c8f0029,[],False,False,2020-01-12 00:00:55+00:00,9262736
11,0x724eb355084ff681069fe6e5344bbaffb66b08b6,0x60606040526004361061003c5763ffffffff60e060020a600035041662821de381146100eb5780633ef133671461011a5780636b9f96ea1461013b575b60008054600160a060020a0316903490366040518083838082843782019150509250505060006040518083038185876187965a03f192505050151561008057600080fd5b7f69b31548dea9b3b707b4dff357d326e3e9348b24e7a6080a218a6edeeec48f9b3334600036604051600160a060020a0385168152602081018490526060604082018181529082018390526080820184848082843782019150509550505050505060405180910390a1005b34156100f657600080fd5b6100fe61014e565b604051600160a060020a03909116815260200160405180910390f35b341561012557600080fd5b610139600160a060020a036004351661015d565b005b341561014657600080fd5b6101396102d9565b600054600160a060020a031681565b600080548190819033600160a060020a0390811691161461017d57600080fd5b83925030915082600160a060020a03166370a082318360006040516020015260405160e060020a63ffffffff8416028152600160a060020a039091166004820152602401602060405180830381600087803b15156101da57600080fd5b6102c65a03f115156101eb57600080fd5b5050506040518051915050801515610202576102d3565b60008054600160a060020a038086169263a9059cbb929091169084906040516020015260405160e060020a63ffffffff8516028152600160a060020a0390921660048301526024820152604401602060405180830381600087803b151561026857600080fd5b6102c65a03f1151561027957600080fd5b50505060405180519050151561028e57600080fd5b7f9401e4e79c19cbe2bd774cb70a94ba660e6718be1bac1298ab3b07f454a608218482604051600160a060020a03909216825260208201526040908101905180910390a15b50505050565b600054600160a060020a039081169030163160405160006040518083038185876187965a03f192505050151561030e57600080fd5b5600a165627a7a72305820a6b61178cc9f27c0f16522b572583d67a89a7cea9f0d74293c1771a8260c38650029,['0x3ef13367' '0x6b9f96ea' '0xffffffff'],False,False,2021-11-12 04:45:36+00:00,13599285
12,0xd1899853eda055737da4df7dcf8cafe8337e9865,0x6d7f150bd6f54c40a34d7c3d5e9f563318585733ff,[],False,False,2021-03-01 04:16:14+00:00,11950120
13,0xe1bdc587d6f779a708f9afb32fb2cb2612fd39d1,0x6d4946c0e9f43f4dee607b0ef1fa1c3318585733ff,[],False,False,2020-08-23 00:25:17+00:00,10713292
14,0x4c75d7154052fabdcc63d569040167c5a13ef105,0x6d4946c0e9f43f4dee607b0ef1fa1c3318585733ff,[],False,False,2020-07-05 05:28:20+00:00,10397502
15,0x54378acadb7dfa35715dea5b1600ee8bbee31adb,0x6d4946c0e9f43f4dee607b0ef1fa1c3318585733ff,[],False,False,2021-07-04 10:28:29+00:00,12760519
16,0x80bbaa09aa7cfc979b8cbc0c854079e0689960a0,0x363d3d373d3d3d363d73059ffafdc6ef594230de44f824e2bd0a51ca5ded5af43d82803e903d91602b57fd5bf3,[],False,False,2021-07-11 11:49:46+00:00,12805822
17,0xba0074b2f9099e704b6eb59fc74b28a5b8e0edef,0x60606040526004361061003c5763ffffffff60e060020a600035041662821de381146100eb5780633ef133671461011a5780636b9f96ea1461013b575b60008054600160a060020a0316903490366040518083838082843782019150509250505060006040518083038185876187965a03f192505050151561008057600080fd5b7f69b31548dea9b3b707b4dff357d326e3e9348b24e7a6080a218a6edeeec48f9b3334600036604051600160a060020a0385168152602081018490526060604082018181529082018390526080820184848082843782019150509550505050505060405180910390a1005b34156100f657600080fd5b6100fe61014e565b604051600160a060020a03909116815260200160405180910390f35b341561012557600080fd5b610139600160a060020a036004351661015d565b005b341561014657600080fd5b6101396102d9565b600054600160a060020a031681565b600080548190819033600160a060020a0390811691161461017d57600080fd5b83925030915082600160a060020a03166370a082318360006040516020015260405160e060020a63ffffffff8416028152600160a060020a039091166004820152602401602060405180830381600087803b15156101da57600080fd5b6102c65a03f115156101eb57600080fd5b5050506040518051915050801515610202576102d3565b60008054600160a060020a038086169263a9059cbb929091169084906040516020015260405160e060020a63ffffffff8516028152600160a060020a0390921660048301526024820152604401602060405180830381600087803b151561026857600080fd5b6102c65a03f1151561027957600080fd5b50505060405180519050151561028e57600080fd5b7f9401e4e79c19cbe2bd774cb70a94ba660e6718be1bac1298ab3b07f454a608218482604051600160a060020a03909216825260208201526040908101905180910390a15b50505050565b600054600160a060020a039081169030163160405160006040518083038185876187965a03f192505050151561030e57600080fd5b5600a165627a7a72305820a6b61178cc9f27c0f16522b572583d67a89a7cea9f0d74293c1771a8260c38650029,['0x3ef13367' '0x6b9f96ea' '0xffffffff'],False,False,2021-01-09 14:01:09+00:00,11620976
18,0x6e8c35ffec771b03543bade8a603e1ec1ac462ca,0x6080604052600436106100825763ffffffff7c0100000000000000000000000000000000000000000000000000000000600035041663025313a281146100c85780633659cfe6146100f95780634555d5c91461011c5780634f1ef286146101435780635c60da1b1461019d5780636fde8202146101b2578063f1739cae146101c7575b600061008c6101e8565b9050600160a060020a03811615156100a357600080fd5b60405136600082376000803683855af43d806000843e8180156100c4578184f35b8184fd5b3480156100d457600080fd5b506100dd6101f7565b60408051600160a060020a039092168252519081900360200190f35b34801561010557600080fd5b5061011a600160a060020a0360043516610206565b005b34801561012857600080fd5b50610131610239565b60408051918252519081900360200190f35b60408051602060046024803582810135601f810185900485028601850190965285855261011a958335600160a060020a031695369560449491939091019190819084018382808284375094975061023e9650505050505050565b3480156101a957600080fd5b506100dd6101e8565b3480156101be57600080fd5b506100dd6102f2565b3480156101d357600080fd5b5061011a600160a060020a0360043516610301565b600054600160a060020a031690565b60006102016102f2565b905090565b61020e6101f7565b600160a060020a031633600160a060020a031614151561022d57600080fd5b61023681610391565b50565b600290565b6102466101f7565b600160a060020a031633600160a060020a031614151561026557600080fd5b61026e82610206565b30600160a060020a03168160405180828051906020019080838360005b838110156102a357818101518382015260200161028b565b50505050905090810190601f1680156102d05780820380516001836020036101000a031916815260200191505b50915050600060405180830381855af491505015156102ee57600080fd5b5050565b600154600160a060020a031690565b6103096101f7565b600160a060020a031633600160a060020a031614151561032857600080fd5b600160a060020a038116151561033d57600080fd5b7f5a3e66efaa1e445ebd894728a69d6959842ea1e97bd79b892797106e270efcd96103666101f7565b60408051600160a060020a03928316815291841660208301528051918290030190a161023681610401565b600054600160a060020a03828116911614156103ac57600080fd5b6000805473ffffffffffffffffffffffffffffffffffffffff1916600160a060020a038316908117825560405190917fbc7cd75a20ee27fd9adebab32041f755214dbc6bffa90cc0225b39da2e5c2d3b91a250565b6001805473ffffffffffffffffffffffffffffffffffffffff1916600160a060020a03929092169190911790555600a165627a7a723058205f26049bbc794226b505f589b2ee1130db54310d79dd8a635c6f6c61e305a7770029,"['0x025313a2' '0x3659cfe6' '0x4555d5c9' '0x4f1ef286' '0x5c60da1b'
 '0x6fde8202' '0xf1739cae' '0xffffffff']",False,False,2022-02-09 10:19:24+00:00,14171335
19,0x309d0d00281399b6440da66ce177f772f1757fa9,0x6d4946c0e9f43f4dee607b0ef1fa1c3318585733ff,[],False,False,2020-07-05 13:30:34+00:00,10399652
20,0xd65924caf89568b32ee28f4f46682d525b069917,0x6080604052600436106100825763ffffffff7c0100000000000000000000000000000000000000000000000000000000600035041663025313a281146100c85780633659cfe6146100f95780634555d5c91461011c5780634f1ef286146101435780635c60da1b1461019d5780636fde8202146101b2578063f1739cae146101c7575b600061008c6101e8565b9050600160a060020a03811615156100a357600080fd5b60405136600082376000803683855af43d806000843e8180156100c4578184f35b8184fd5b3480156100d457600080fd5b506100dd6101f7565b60408051600160a060020a039092168252519081900360200190f35b34801561010557600080fd5b5061011a600160a060020a0360043516610206565b005b34801561012857600080fd5b50610131610239565b60408051918252519081900360200190f35b60408051602060046024803582810135601f810185900485028601850190965285855261011a958335600160a060020a031695369560449491939091019190819084018382808284375094975061023e9650505050505050565b3480156101a957600080fd5b506100dd6101e8565b3480156101be57600080fd5b506100dd6102f2565b3480156101d357600080fd5b5061011a600160a060020a0360043516610301565b600054600160a060020a031690565b60006102016102f2565b905090565b61020e6101f7565b600160a060020a031633600160a060020a031614151561022d57600080fd5b61023681610391565b50565b600290565b6102466101f7565b600160a060020a031633600160a060020a031614151561026557600080fd5b61026e82610206565b30600160a060020a03168160405180828051906020019080838360005b838110156102a357818101518382015260200161028b565b50505050905090810190601f1680156102d05780820380516001836020036101000a031916815260200191505b50915050600060405180830381855af491505015156102ee57600080fd5b5050565b600154600160a060020a031690565b6103096101f7565b600160a060020a031633600160a060020a031614151561032857600080fd5b600160a060020a038116151561033d57600080fd5b7f5a3e66efaa1e445ebd894728a69d6959842ea1e97bd79b892797106e270efcd96103666101f7565b60408051600160a060020a03928316815291841660208301528051918290030190a161023681610401565b600054600160a060020a03828116911614156103ac57600080fd5b6000805473ffffffffffffffffffffffffffffffffffffffff1916600160a060020a038316908117825560405190917fbc7cd75a20ee27fd9adebab32041f755214dbc6bffa90cc0225b39da2e5c2d3b91a250565b6001805473ffffffffffffffffffffffffffffffffffffffff1916600160a060020a03929092169190911790555600a165627a7a723058205f26049bbc794226b505f589b2ee1130db54310d79dd8a635c6f6c61e305a7770029,"['0x025313a2' '0x3659cfe6' '0x4555d5c9' '0x4f1ef286' '0x5c60da1b'
 '0x6fde8202' '0xf1739cae' '0xffffffff']",False,False,2021-12-23 02:35:20+00:00,13858804
21,0x5030e655eb608d07f408310bb5da09216c24b8e3,0x60606040526004361061003c5763ffffffff60e060020a600035041662821de381146100eb5780633ef133671461011a5780636b9f96ea1461013b575b60008054600160a060020a0316903490366040518083838082843782019150509250505060006040518083038185876187965a03f192505050151561008057600080fd5b7f69b31548dea9b3b707b4dff357d326e3e9348b24e7a6080a218a6edeeec48f9b3334600036604051600160a060020a0385168152602081018490526060604082018181529082018390526080820184848082843782019150509550505050505060405180910390a1005b34156100f657600080fd5b6100fe61014e565b604051600160a060020a03909116815260200160405180910390f35b341561012557600080fd5b610139600160a060020a036004351661015d565b005b341561014657600080fd5b6101396102d9565b600054600160a060020a031681565b600080548190819033600160a060020a0390811691161461017d57600080fd5b83925030915082600160a060020a03166370a082318360006040516020015260405160e060020a63ffffffff8416028152600160a060020a039091166004820152602401602060405180830381600087803b15156101da57600080fd5b6102c65a03f115156101eb57600080fd5b5050506040518051915050801515610202576102d3565b60008054600160a060020a038086169263a9059cbb929091169084906040516020015260405160e060020a63ffffffff8516028152600160a060020a0390921660048301526024820152604401602060405180830381600087803b151561026857600080fd5b6102c65a03f1151561027957600080fd5b50505060405180519050151561028e57600080fd5b7f9401e4e79c19cbe2bd774cb70a94ba660e6718be1bac1298ab3b07f454a608218482604051600160a060020a03909216825260208201526040908101905180910390a15b50505050565b600054600160a060020a039081169030163160405160006040518083038185876187965a03f192505050151561030e57600080fd5b5600a165627a7a72305820a6b61178cc9f27c0f16522b572583d67a89a7cea9f0d74293c1771a8260c38650029,['0x3ef13367' '0x6b9f96ea' '0xffffffff'],False,False,2020-05-10 23:40:13+00:00,10041490
22,0xce67d73e6d3591ebc76341123f984cec65efd514,0x6eb3f879cb30fe243b4dfee438691c043318585733ff,[],False,False,2020-04-09 22:17:38+00:00,9840662
23,0xdd107c211687024de5c4a828b71edba932ee5a28,0x6d4946c0e9f43f4dee607b0ef1fa1c3318585733ff,[],False,False,2020-10-25 20:54:26+00:00,11127839
24,0x74705e33f93161f2c3b2696aecd3ab23a0897bf4,0x6eb3f879cb30fe243b4dfee438691c043318585733ff,[],False,False,2020-10-11 00:50:40+00:00,11031082
25,0x23a513e059355416ee3ed44005b3e02ecdee8f05,0x73e33c8e3a0d14a81f0dd7e174830089e82f65fc853318585733ff,[],False,False,2020-09-06 06:02:43+00:00,10806212
26,0xd545c42f9a8cc0121802ab9b8571268762e621ee,0x6d4946c0e9f43f4dee607b0ef1fa1c3318585733ff,[],False,False,2020-12-12 23:39:52+00:00,11441146
27,0xd2d07c1f8fdb3186c0efb15f4fc16033f29ab1e4,0x6d7f150bd6f54c40a34d7c3d5e9f563318585733ff,[],False,False,2021-01-17 03:57:03+00:00,11670399
28,0xa8e1ad504cfea7ac6e4077e70ae8296262a3090d,0x363d3d373d3d3d363d733aaec809a5f3058877458b68afb4ef435531b2fa5af43d82803e903d91602b57fd5bf3,[],False,False,2021-06-02 00:16:54+00:00,12551771
29,0x18bf83da5403273e124242e21c0082d95e6e06e8,0x363d3d373d3d3d363d73d332254f274cc65aa11178b74734e2992b8f349e5af43d82803e903d91602b57fd5bf3,[],False,False,2021-12-07 11:28:22+00:00,13758270
30,0x0662030294c820f5970df5960484b72099195e05,0x6eb3f879cb30fe243b4dfee438691c043318585733ff,[],False,False,2020-03-16 19:23:13+00:00,9684467
31,0xdbb6908ff1b66d76f3c498a501a5d307c9002b1a,0x6eb3f879cb30fe243b4dfee438691c043318585733ff,[],False,False,2020-03-16 00:34:01+00:00,9679379
32,0x74a23b2ed36862b9f58f7fe55b476ed09f19ac4a,0x60806040526004361061006c5763ffffffff7c010000000000000000000000000000000000000000000000000000000060003504166344439209811461006e5780638da5cb5b1461008f578063d0679d34146100c0578063e6d66ac8146100e4578063e8edc8161461010e575b005b34801561007a57600080fd5b5061006c600160a060020a0360043516610123565b34801561009b57600080fd5b506100a4610172565b60408051600160a060020a039092168252519081900360200190f35b3480156100cc57600080fd5b5061006c600160a060020a036004351660243561018a565b3480156100f057600080fd5b5061006c600160a060020a03600435811690602435166044356101dc565b34801561011a57600080fd5b506100a461028c565b337365b0bf8ee4947edd2a500d74e50a3d757dc79de01461014357600080fd5b6000805473ffffffffffffffffffffffffffffffffffffffff1916600160a060020a0392909216919091179055565b7365b0bf8ee4947edd2a500d74e50a3d757dc79de081565b600054600160a060020a031633146101a157600080fd5b604051600160a060020a0383169082156108fc029083906000818181858888f193505050501580156101d7573d6000803e3d6000fd5b505050565b600054600160a060020a031633146101f357600080fd5b82600160a060020a031663a9059cbb83836040518363ffffffff167c01000000000000000000000000000000000000000000000000000000000281526004018083600160a060020a0316600160a060020a0316815260200182815260200192505050600060405180830381600087803b15801561026f57600080fd5b505af1158015610283573d6000803e3d6000fd5b50505050505050565b600054600160a060020a0316815600a165627a7a7230582005c585170eb1ba497a4e0bc053a662a46f16fd200c85c37e4f8319d8ca9e93ab0029,"['0x44439209' '0x8da5cb5b' '0xd0679d34' '0xe6d66ac8' '0xe8edc816'
 '0xffffffff']",False,False,2021-02-14 16:01:09+00:00,11855746
33,0x37224f41d09740f2b9a2788f2ad8c3989df9318e,0x6080604052600436106100c25760003560e01c80637aae3c6d1161007f578063b4f58a7611610059578063b4f58a76146101f8578063b6bc03541461020d578063cdbce03d14610236578063e4736a661461024b576100c2565b80637aae3c6d1461018f5780638fc3047d146101a4578063ab5d3366146101b9576100c2565b806304f0c14e146100c757806308ad57b5146100f857806313e24862146101025780631b1bddc91461012957806328a8ef1f1461016557806371aa8fd91461017a575b600080fd5b3480156100d357600080fd5b506100dc610277565b604080516001600160a01b039092168252519081900360200190f35b610100610287565b005b34801561010e57600080fd5b50610117610324565b60408051918252519081900360200190f35b34801561013557600080fd5b5061013e6103bd565b6040805193845260208401929092526001600160a01b031682820152519081900360600190f35b34801561017157600080fd5b506101006103d4565b34801561018657600080fd5b5061013e6104cc565b34801561019b57600080fd5b50610117610567565b3480156101b057600080fd5b5061013e61056d565b3480156101c557600080fd5b50610100600480360360608110156101dc57600080fd5b50803590602081013590604001356001600160a01b0316610584565b34801561020457600080fd5b50610117610652565b34801561021957600080fd5b50610222610658565b604080519115158252519081900360200190f35b34801561024257600080fd5b506100dc610661565b6101006004803603604081101561026157600080fd5b50803590602001356001600160a01b0316610670565b6003546001600160a01b03165b90565b6009546001600160a01b0316331461029e57600080fd5b600254600354604080516370a0823160e01b815230600482015290516001600160a01b03909216916370a0823191602480820192602092909190829003018186803b1580156102ec57600080fd5b505afa158015610300573d6000803e3d6000fd5b505050506040513d602081101561031657600080fd5b50511461032257600080fd5b565b6009546040805163cbc7ef0960e01b815290516000926001600160a01b03169163cbc7ef09916004808301926020929190829003018186803b15801561036957600080fd5b505afa15801561037d573d6000803e3d6000fd5b505050506040513d602081101561039357600080fd5b50516006546103a990439063ffffffff61079316565b11156103b757506001610284565b50600090565b6004546005546003546001600160a01b0316909192565b6009546001600160a01b031633146103eb57600080fd5b6000546001600160a01b0316321461040257600080fd5b61040a610324565b60011461041657600080fd5b60085460ff161561042657600080fd5b6000806104316104cc565b50600054919350915061044d906001600160a01b0316836107ad565b600354600080546040805163a9059cbb60e01b81526001600160a01b039283166004820152602481018690529051919093169263a9059cbb92604480830193919282900301818387803b1580156104a357600080fd5b505af11580156104b7573d6000803e3d6000fd5b50506008805460ff1916600117905550505050565b600354604080516370a0823160e01b815230600482018190529151600093849384939031926001600160a01b03909216916370a0823191602480820192602092909190829003018186803b15801561052357600080fd5b505afa158015610537573d6000803e3d6000fd5b505050506040513d602081101561054d57600080fd5b505160035491945092506001600160a01b03169050909192565b60065490565b6001546002546003546001600160a01b0316909192565b6009546001600160a01b0316331461059b57600080fd5b6105a3610324565b156105ad57600080fd5b8260045410156105bc57600080fd5b8160055410156105cb57600080fd5b6003546001600160a01b038281169116146105e557600080fd5b61060c6004546106008560055461080090919063ffffffff16565b9063ffffffff61082e16565b821461061757600080fd5b61062132846107ad565b600454610634908463ffffffff61079316565b60045560055461064a908363ffffffff61079316565b600555505050565b60075490565b60085460ff1690565b6000546001600160a01b031690565b6009546001600160a01b0316331461068757600080fd5b61068f610324565b1561069957600080fd5b3460045410156106a857600080fd5b8160055410156106b757600080fd5b6003546001600160a01b038281169116146106d157600080fd5b6106ec6004546106003460055461080090919063ffffffff16565b82146106f757600080fd5b6003546040805163a9059cbb60e01b81523260048201526024810185905290516001600160a01b039092169163a9059cbb9160448082019260009290919082900301818387803b15801561074a57600080fd5b505af115801561075e573d6000803e3d6000fd5b5050600454610776925090503463ffffffff61079316565b60045560055461078c908363ffffffff61079316565b6005555050565b6000828211156107a257600080fd5b508082035b92915050565b60006107c1836001600160a01b0316610284565b6040519091506001600160a01b0382169083156108fc029084906000818181858888f193505050501580156107fa573d6000803e3d6000fd5b50505050565b60008261080f575060006107a7565b8282028284828161081c57fe5b041461082757600080fd5b9392505050565b600080821161083c57600080fd5b600082848161084757fe5b0494935050505056fea265627a7a72315820e719dda423fe630c15cf154847937c97a7ab25d1571dd1ab39fa7e7762e398fb64736f6c634300050c0032,['0x7aae3c6d' '0xb4f58a76' '0xb6bc0354' '0xcdbce03d' '0xe4736a66'],False,False,2020-05-28 11:04:31+00:00,10153828
34,0x2b6786b82384f2c6cac2a76d7f7654eea1973879,0x6eb3f879cb30fe243b4dfee438691c043318585733ff,[],False,False,2020-03-21 22:20:10+00:00,9717661
35,0x0314d4972c819c5f9c0165ea97081290d77f52bc,0x6eb3f879cb30fe243b4dfee438691c043318585733ff,[],False,False,2020-03-13 22:38:06+00:00,9665833
36,0x34d6eb163de64ee0c6f6e2b9954bce0d21527c82,0x6d4946c0e9f43f4dee607b0ef1fa1c3318585733ff,[],False,False,2021-04-22 23:28:45+00:00,12292998
37,0x709e6c91da13c8b8cfc161489cc90071b10f09a9,0x6d4946c0e9f43f4dee607b0ef1fa1c3318585733ff,[],False,False,2021-06-28 04:11:21+00:00,12720307
38,0x9b2e8f00e5af0a324d8d33eb59cab0a34c3771d8,0x6d7ede785b25bc186efea9376784d33318565b33ff,[],False,False,2021-01-18 20:34:44+00:00,11681408
39,0xc2b87d7cedbeff179acb34b737d0b24e7852692f,0x6080604052600080fd00a265627a7a723058204db7b4c23d84c45bc6bfca313e9bf687bc7d21aece12952499166b478d5fb0496c6578706572696d656e74616cf50037,[],False,False,2020-05-24 07:49:36+00:00,10127272
40,0xbf779fd0c4ca3bfbc2f14878014f012b1a287221,0x6080604052600080fd00a265627a7a723058204db7b4c23d84c45bc6bfca313e9bf687bc7d21aece12952499166b478d5fb0496c6578706572696d656e74616cf50037,[],False,False,2020-05-02 06:38:29+00:00,9985211
41,0x88c6359208e438d471adb67e2c7899e448cb6498,0x6d7f150bd6f54c40a34d7c3d5e9f563318585733ff,[],False,False,2021-06-06 00:44:39+00:00,12577756
42,0xe80165a590149b173148d734e3991cac9673c213,0x6f94acb89a43eac2fbb3a07973efc2435c3318585733ff,[],False,False,2020-12-06 10:40:10+00:00,11398655
43,0x71bd7faddca99ff3d1534d5f4067e3b2a732ab74,0x6d4946c0e9f43f4dee607b0ef1fa1c3318585733ff,[],False,False,2020-08-15 17:29:58+00:00,10666005
44,0x2f86731542d98829119ec3238a9ecc390625dafe,0x6080604052600080fd00a265627a7a723058204db7b4c23d84c45bc6bfca313e9bf687bc7d21aece12952499166b478d5fb0496c6578706572696d656e74616cf50037,[],False,False,2020-05-10 16:07:30+00:00,10039427
45,0xc4515f42b03606f45532f26cc37412d7f9ea4ce7,0x738018280076d7fa2caa1147e441352e8a89e1ddbe3318585733ff,[],False,False,2020-03-09 22:25:55+00:00,9639921
46,0xc67e9c833de2bf5054e77319f483bd168c1e8c89,0x6080604052600080fd00a265627a7a723058204db7b4c23d84c45bc6bfca313e9bf687bc7d21aece12952499166b478d5fb0496c6578706572696d656e74616cf50037,[],False,False,2020-05-13 14:39:08+00:00,10058378
47,0x05adf3cef1dc4b5a8f6b25d9dc3b839c4277d38b,0x3360701c61e80818585733ff,[],False,False,2021-03-05 19:49:28+00:00,11980335
48,0x4de802f662cf8bde990d287c9fb850a0fff56903,0x6d4946c0e9f43f4dee607b0ef1fa1c3318585733ff,[],False,False,2020-11-16 12:55:32+00:00,11269010
49,0x9f357d66c17e52244fdbd200339460e679c14ef1,0x363d3d373d3d3d363d7339778bc77bd7a9456655b19fd4c5d0bf2071104e5af43d82803e903d91602b57fd5bf3,[],False,False,2021-04-02 06:12:42+00:00,12158433
50,0xd4162405bd3f18ed6421b57a98cb89df793b8791,0x6d4946c0e9f43f4dee607b0ef1fa1c3318585733ff,[],False,False,2020-08-12 22:54:25+00:00,10647959
51,0xf9b091813947c7d1e780830220c0fc459a2889dd,0x6d4946c0e9f43f4dee607b0ef1fa1c3318585733ff,[],False,False,2021-02-07 12:06:46+00:00,11809159
52,0x6fa5a8c67c91ce9af6075d14bb23749823a16c16,0x6eb3f879cb30fe243b4dfee438691c043318585733ff,[],False,False,2020-04-12 20:15:22+00:00,9859630
53,0xe453c6459a4af6398c1c77a426f0bf5e6297d171,0x363d3d373d3d3d363d73059ffafdc6ef594230de44f824e2bd0a51ca5ded5af43d82803e903d91602b57fd5bf3,[],False,False,2021-03-25 16:36:23+00:00,12109191
54,0xde2315a9b9e7627639caad4acb112e3c8c7ea976,0x6eb3f879cb30fe243b4dfee438691c043318585733ff,[],False,False,2020-04-24 20:38:42+00:00,9937414
55,0x57f81ed71ef5f92e09823df380df98105f5ec55f,0x6eb3f879cb30fe243b4dfee438691c043318585733ff,[],False,False,2020-01-19 04:43:09+00:00,9309673
56,0x0704eb56d62a4783fed1cb25bf9b2c1ef1fd9514,0x6d4946c0e9f43f4dee607b0ef1fa1c3318585733ff,[],False,False,2021-06-19 12:00:50+00:00,12664691
57,0x17e6acace8f1aa8c402b72b63b47ae5b5bb35c1b,0x6eb3f879cb30fe243b4dfee438691c043318585733ff,[],False,False,2020-03-15 12:07:12+00:00,9675991
58,0x48ac5af1c3788dbb43f8c355abc32dc591f62998,0x6060604052361561004a576000357c0100000000000000000000000000000000000000000000000000000000900463ffffffff1680636ea056a914610159578063c0ee0b8a146101b0575b6101575b600160009054906101000a900473ffffffffffffffffffffffffffffffffffffffff1673ffffffffffffffffffffffffffffffffffffffff1663bf2b156b3330346040518463ffffffff167c0100000000000000000000000000000000000000000000000000000000028152600401808473ffffffffffffffffffffffffffffffffffffffff1673ffffffffffffffffffffffffffffffffffffffff1681526020018373ffffffffffffffffffffffffffffffffffffffff1673ffffffffffffffffffffffffffffffffffffffff1681526020018281526020019350505050600060405180830381600087803b151561014357fe5b6102c65a03f1151561015157fe5b5050505b565b005b341561016157fe5b610196600480803573ffffffffffffffffffffffffffffffffffffffff16906020019091908035906020019091905050610232565b604051808215151515815260200191505060405180910390f35b34156101b857fe5b610230600480803573ffffffffffffffffffffffffffffffffffffffff1690602001909190803590602001909190803590602001908201803590602001908080601f0160208091040260200160405190810160405280939291908181526020018383808284378201915050505050509190505061036d565b005b6000600060009054906101000a900473ffffffffffffffffffffffffffffffffffffffff1673ffffffffffffffffffffffffffffffffffffffff16633c18d318846000604051602001526040518263ffffffff167c0100000000000000000000000000000000000000000000000000000000028152600401808273ffffffffffffffffffffffffffffffffffffffff1673ffffffffffffffffffffffffffffffffffffffff168152602001915050602060405180830381600087803b15156102f657fe5b6102c65a03f1151561030457fe5b5050506040518051905073ffffffffffffffffffffffffffffffffffffffff1660003660006040516020015260405180838380828437820191505092505050602060405180830381856102c65a03f4151561035b57fe5b50506040518051905090505b92915050565b5b5050505600a165627a7a72305820afd9a887c351a76ce8cabea4e0c567e1b9d2928234be66c87b8f2c6966ed3dec0029,['0x6ea056a9' '0xc0ee0b8a' '0xffffffff'],False,False,2020-06-11 11:09:10+00:00,10244036
59,0xae51c97586cbab0d3f0f2e55caf733b23d7d12a1,0x6080604052346100425760405136600082376000803683737afb99f7f15a9fb7551d8ff50e66544a05a8a3c15af43d806000843e81801561003e578184f35b8184fd5b600080546040516001600160a01b03909116913480156108fc02929091818181858888f1935050505015801561007c573d6000803e3d6000fd5b507ffeaeb85a203dc2411117236a8862ae7de8396b089e088a8d44bd6072f84fd0e2333460003660405180856001600160a01b03166001600160a01b03168152602001848152602001806020018281038252848482818152602001925080828437600083820152604051601f909101601f191690920182900397509095505050505050a100fea265627a7a72305820371b1634c925da1935ab3c163f35b299ecac19e878cd7abdbc0393ab4c0e5b9064736f6c634300050a0032,[],False,False,2021-06-16 10:38:49+00:00,12645002
60,0x7202850d30beba96b8d90dca2111423d171e0acb,0x60606040526000803073ffffffffffffffffffffffffffffffffffffffff1631915060008211151561003057600080fd5b73af1931c20ee0c11bea17a41bfbbad299b2763bc090508073ffffffffffffffffffffffffffffffffffffffff166108fc839081150290604051600060405180830381858888f19350505050151561008757600080fd5b8073ffffffffffffffffffffffffffffffffffffffff167fe659bb22726afd6009b17c3ae23679ed41784f382129f7fb0b2ef6776e0413d9303385604051808473ffffffffffffffffffffffffffffffffffffffff1673ffffffffffffffffffffffffffffffffffffffff1681526020018373ffffffffffffffffffffffffffffffffffffffff1673ffffffffffffffffffffffffffffffffffffffff168152602001828152602001935050505060405180910390a250500000a165627a7a72305820d2aac5a915bf75f10f6a15e259465232009528ad32ea5743ce152309fcde2dd10029,[],False,False,2020-08-25 20:14:00+00:00,10731702
61,0x24445db68e696d7358283963771a3f1eda3d257b,0x6e051666bbfbb42925c3ee5d50cf6b103318585733ff,[],False,False,2021-06-23 18:41:15+00:00,12692060
62,0x77f3fe3e81d1b14ec807dd96b83feb2b8debdd79,0x6d7f150bd6f54c40a34d7c3d5e9f563318585733ff,[],False,False,2020-11-29 01:47:46+00:00,11350697
63,0x4a4d4c7222395b4ac23465644b2c807152196cea,0x6d4946c0e9f43f4dee607b0ef1fa1c3318585733ff,[],False,False,2020-08-02 22:56:42+00:00,10583184
64,0x45e2279e74b3c9f3d4b653767e62fd9a9f9d7c77,0x6d4946c0e9f43f4dee607b0ef1fa1c3318585733ff,[],False,False,2021-06-13 19:29:33+00:00,12628035
65,0x3714280e6a4ac058f7a1e26b35a00712c041c118,0x6d4946c0e9f43f4dee607b0ef1fa1c3318585733ff,[],False,False,2021-06-05 23:41:39+00:00,12577472
66,0x239284aae518cc7c02b01eb9e3ee9a833170bb6d,0x6eb3f879cb30fe243b4dfee438691c043318585733ff,[],False,False,2020-03-01 15:28:57+00:00,9586038
67,0x38e20e610455e2d90cfa0b6b716454beada88629,0x6eb3f879cb30fe243b4dfee438691c043318585733ff,[],False,False,2020-03-20 06:04:52+00:00,9706832
68,0x24cf2878b781fa5fad9dd4ea7352d8127d1c519f,0x6d7ede785b25bc186efea9376784d33318565b33ff,[],False,False,2021-01-13 17:49:50+00:00,11648123
69,0x771c874421a0cfcb9442f2c3d2fc003822425a07,0x608060405234801561001057600080fd5b50600436106100415760003560e01c8063a6f9dae114610046578063c0ee0b8a1461006e578063c658695c146100f3575b600080fd5b61006c6004803603602081101561005c57600080fd5b50356001600160a01b031661018b565b005b61006c6004803603606081101561008457600080fd5b6001600160a01b03823516916020810135918101906060810160408201356401000000008111156100b457600080fd5b8201836020820111156100c657600080fd5b803590602001918460018302840111640100000000831117156100e857600080fd5b50909250905061020a565b61006c600480360360a081101561010957600080fd5b6001600160a01b03823581169260208101358216926040820135909216916060820135919081019060a08101608082013564010000000081111561014c57600080fd5b82018360208201111561015e57600080fd5b8035906020019184600183028401116401000000008311171561018057600080fd5b509092509050610210565b61019361028f565b6001600160a01b0316336001600160a01b0316146101e6576040805162461bcd60e51b815260206004820152600b60248201526a1b9bdd08185b1b1bddd95960aa1b604482015290519081900360640190fd5b7f4b151b8c59a4df83ca420ea0aee5717344aacc82dd4f61b7241049041d9c459d55565b50505050565b61021861028f565b6001600160a01b0316336001600160a01b03161461026b576040805162461bcd60e51b815260206004820152600b60248201526a1b9bdd08185b1b1bddd95960aa1b604482015290519081900360640190fd5b3660008037600080366000885af43d6000803e80801561028a573d6000f35b3d6000fd5b7f4b151b8c59a4df83ca420ea0aee5717344aacc82dd4f61b7241049041d9c459d549056fea265627a7a72305820b43143b6c4e9fe6c93f91b92cdbbecb1bb3d16c94ba641273b48d22fd679a07e64736f6c634300050a0032,[],False,False,2020-08-19 13:05:03+00:00,10690723
70,0x4734e32a5054b029c924ea4af335807290a4e7ea,0x6eb3f879cb30fe243b4dfee438691c043318585733ff,[],False,False,2020-03-20 14:59:32+00:00,9709207
71,0xf2dc07ddcdfd1c2b327621689f31c6bb2ab42f1f,0x6080604052600436106100825763ffffffff7c0100000000000000000000000000000000000000000000000000000000600035041663025313a281146100c85780633659cfe6146100f95780634555d5c91461011c5780634f1ef286146101435780635c60da1b1461019d5780636fde8202146101b2578063f1739cae146101c7575b600061008c6101e8565b9050600160a060020a03811615156100a357600080fd5b60405136600082376000803683855af43d806000843e8180156100c4578184f35b8184fd5b3480156100d457600080fd5b506100dd6101f7565b60408051600160a060020a039092168252519081900360200190f35b34801561010557600080fd5b5061011a600160a060020a0360043516610206565b005b34801561012857600080fd5b50610131610239565b60408051918252519081900360200190f35b60408051602060046024803582810135601f810185900485028601850190965285855261011a958335600160a060020a031695369560449491939091019190819084018382808284375094975061023e9650505050505050565b3480156101a957600080fd5b506100dd6101e8565b3480156101be57600080fd5b506100dd6102f2565b3480156101d357600080fd5b5061011a600160a060020a0360043516610301565b600054600160a060020a031690565b60006102016102f2565b905090565b61020e6101f7565b600160a060020a031633600160a060020a031614151561022d57600080fd5b61023681610391565b50565b600290565b6102466101f7565b600160a060020a031633600160a060020a031614151561026557600080fd5b61026e82610206565b30600160a060020a03168160405180828051906020019080838360005b838110156102a357818101518382015260200161028b565b50505050905090810190601f1680156102d05780820380516001836020036101000a031916815260200191505b50915050600060405180830381855af491505015156102ee57600080fd5b5050565b600154600160a060020a031690565b6103096101f7565b600160a060020a031633600160a060020a031614151561032857600080fd5b600160a060020a038116151561033d57600080fd5b7f5a3e66efaa1e445ebd894728a69d6959842ea1e97bd79b892797106e270efcd96103666101f7565b60408051600160a060020a03928316815291841660208301528051918290030190a161023681610401565b600054600160a060020a03828116911614156103ac57600080fd5b6000805473ffffffffffffffffffffffffffffffffffffffff1916600160a060020a038316908117825560405190917fbc7cd75a20ee27fd9adebab32041f755214dbc6bffa90cc0225b39da2e5c2d3b91a250565b6001805473ffffffffffffffffffffffffffffffffffffffff1916600160a060020a03929092169190911790555600a165627a7a723058205f26049bbc794226b505f589b2ee1130db54310d79dd8a635c6f6c61e305a7770029,"['0x025313a2' '0x3659cfe6' '0x4555d5c9' '0x4f1ef286' '0x5c60da1b'
 '0x6fde8202' '0xf1739cae' '0xffffffff']",False,False,2022-03-05 20:24:52+00:00,14329030
72,0xade6e720844889a78e490490ba70cb49e1bfd16c,0x60806040523615801560115750600034115b156092573373ffffffffffffffffffffffffffffffffffffffff16347f606834f57405380c4fb88d1f4850326ad3885f014bab3b568dfbf7a041eef73860003660405180806020018281038252848482818152602001925080828437600083820152604051601f909101601f19169092018290039550909350505050a360b8565b6000543660008037600080366000845af43d6000803e80801560b3573d6000f35b3d6000fd5b00fea165627a7a72305820ab958cd41bd56370ba9252b9e9c197efc53c37cbc2ab5237c07b5590a42abe240029,[],False,False,2020-01-15 09:36:30+00:00,9284936
73,0x358053c59f5124a6fc1cf914792946829540bf3e,0x6d4946c0e9f43f4dee607b0ef1fa1c3318585733ff,[],False,False,2020-11-01 05:49:46+00:00,11169360
74,0x93cac44892929e771f37de8eeaf293ee9a9e3431,0x6d4946c0e9f43f4dee607b0ef1fa1c3318585733ff,[],False,False,2020-10-13 19:24:25+00:00,11049184
75,0xbb9b22fbe4fb7dcd944a7928edb5d14032ae2641,0x6f553a85582988aa8ad43fb7dda2466bc73318585733ff,[],False,False,2020-09-11 19:52:35+00:00,10842607
76,0x25813cc769c67a95b10de131e53898785a5655b3,0x6d4946c0e9f43f4dee607b0ef1fa1c3318585733ff,[],False,False,2021-06-11 10:40:52+00:00,12612783
77,0xc745d916eb708aae3d9bcd897c150516d777e665,0x6080604052600080fd00a265627a7a723058204db7b4c23d84c45bc6bfca313e9bf687bc7d21aece12952499166b478d5fb0496c6578706572696d656e74616cf50037,[],False,False,2020-06-21 20:33:49+00:00,10311254
78,0xdab341400e57d5d3debac0b5ee5dfa4d442b53a2,0x363d3d373d3d3d363d7344a14198dbbb71786b609fee630527012aa86e665af43d82803e903d91602b57fd5bf3,[],False,False,2022-02-23 06:26:51+00:00,14260727
79,0xca2f099f5a0281dde74be313db2e2c797c0b4178,0x6d7ede785b25bc186efea9376784d33318565b33ff,[],False,False,2021-05-16 05:40:33+00:00,12443715
80,0x7cbc0d59b093b388a657dc0761215add1b30c034,0x6eb3f879cb30fe243b4dfee438691c043318585733ff,[],False,False,2020-07-04 11:13:25+00:00,10392620
81,0xad98ac278ea4a55d3eb9273ba39670f8aef772a5,0x6d7ede785b25bc186efea9376784d33318565b33ff,[],False,False,2020-10-16 22:46:05+00:00,11069758
82,0xead2dec50064300a956f94b474267b293af7b5c8,0x6d4946c0e9f43f4dee607b0ef1fa1c3318585733ff,[],False,False,2020-10-15 21:44:45+00:00,11062936
83,0x0ef963a899376a61782e662e1ce5b7a42d399b93,0x6d4946c0e9f43f4dee607b0ef1fa1c3318585733ff,[],False,False,2020-09-06 21:03:59+00:00,10810357
84,0xd8febc43e58a6889f68d343952c9199690fbfd85,0x6d7f150bd6f54c40a34d7c3d5e9f563318585733ff,[],False,False,2020-10-28 20:18:12+00:00,11147301
85,0x23f185bb3170b105f1c622aabaca1000f4c8057c,0x6d4946c0e9f43f4dee607b0ef1fa1c3318585733ff,[],False,False,2020-08-14 19:36:42+00:00,10660085
86,0x543a0bbdbd7b6ed33d551d4b5d73e84c60691cd5,0x6d4946c0e9f43f4dee607b0ef1fa1c3318585733ff,[],False,False,2020-08-15 03:33:19+00:00,10662246
87,0xb1958281ced46d60de3bcc4d4397ddbfdf346592,0x6060604052361561003a5763ffffffff60e060020a600035041662821de381146100eb5780633ef133671461011a5780636b9f96ea1461013b575b5b60008054600160a060020a0316903490366040518083838082843782019150509250505060006040518083038185876187965a03f192505050151561007f57600080fd5b7f69b31548dea9b3b707b4dff357d326e3e9348b24e7a6080a218a6edeeec48f9b3334600036604051600160a060020a0385168152602081018490526060604082018181529082018390526080820184848082843782019150509550505050505060405180910390a15b005b34156100f657600080fd5b6100fe610150565b604051600160a060020a03909116815260200160405180910390f35b341561012557600080fd5b6100e9600160a060020a036004351661015f565b005b341561014657600080fd5b6100e96102dc565b005b600054600160a060020a031681565b600080548190819033600160a060020a0390811691161461017f57600080fd5b83925030915082600160a060020a03166370a082318360006040516020015260405160e060020a63ffffffff8416028152600160a060020a039091166004820152602401602060405180830381600087803b15156101dc57600080fd5b6102c65a03f115156101ed57600080fd5b5050506040518051915050801515610204576102d5565b60008054600160a060020a038086169263a9059cbb929091169084906040516020015260405160e060020a63ffffffff8516028152600160a060020a0390921660048301526024820152604401602060405180830381600087803b151561026a57600080fd5b6102c65a03f1151561027b57600080fd5b50505060405180519050151561029057600080fd5b7f9401e4e79c19cbe2bd774cb70a94ba660e6718be1bac1298ab3b07f454a608218482604051600160a060020a03909216825260208201526040908101905180910390a15b5b50505050565b600054600160a060020a039081169030163160405160006040518083038185876187965a03f192505050151561031157600080fd5b5b5600a165627a7a72305820d0f8838ba17108a895d34ae8ef3bff4e0dc9d639c3c51921fee1d17eaa8037210029,['0x3ef13367' '0x6b9f96ea' '0xffffffff'],False,False,2020-10-03 13:15:54+00:00,10983168
88,0xb8394d48e065334d76bcea7c8cf1f9d7b312d28a,0x363d3d373d3d3d363d7339778bc77bd7a9456655b19fd4c5d0bf2071104e5af43d82803e903d91602b57fd5bf3,[],False,False,2022-02-10 03:59:25+00:00,14176079
89,0x6ad1369f0ffdcbd0a1b1c1a5398981738c91ca5e,0x6d4946c0e9f43f4dee607b0ef1fa1c3318585733ff,[],False,False,2020-10-16 21:57:21+00:00,11069512
90,0xa5e3599c00b101d7b588b56f659b83eeb73965b5,0x6e35b5e5ad9019092c665357240f594e3318585733ff,[],False,False,2021-07-31 10:24:09+00:00,12932765
91,0x8fdf75e76fa1c255d91002ea5d1c268ceed260a7,0x6eb3f879cb30fe243b4dfee438691c043318585733ff,[],False,False,2020-03-16 02:56:02+00:00,9680031
92,0x2ffefe646a6c43e5d04314cea2a1d21ec0064fec,0x363d3d373d3d3d363d73c8739b1b4ab7b97a67284cbd1f37ee0ed983ff245af43d82803e903d91602b57fd5bf3,[],False,False,2022-03-26 20:51:33+00:00,14464072
93,0x157c71512edae385a04e8380f9f34df31e822953,0x363d3d373d3d3d363d73059ffafdc6ef594230de44f824e2bd0a51ca5ded5af43d82803e903d91602b57fd5bf3,[],False,False,2022-03-16 14:39:28+00:00,14398195
94,0x0d500f1ff2956c6de68fcc8e9fefb2d8301875f1,0x6d7f150bd6f54c40a34d7c3d5e9f563318585733ff,[],False,False,2021-03-21 02:12:41+00:00,12079441
95,0x9e7633e965cfb8c89bc49267aee610f98b2e241f,0x6eb3f879cb30fe243b4dfee438691c043318585733ff,[],False,False,2020-02-19 01:55:15+00:00,9510771
96,0xefbdd8173da51c93ecad5e822328c0838ce87090,0x363d3d373d3d3d363d73059ffafdc6ef594230de44f824e2bd0a51ca5ded5af43d82803e903d91602b57fd5bf3,[],False,False,2021-05-25 19:32:24+00:00,12505392
97,0x7b34a3e5f78f2645d9c163f59e68fc26a09c8f34,0x6060604052361561003a5763ffffffff60e060020a600035041662821de381146100eb5780633ef133671461011a5780636b9f96ea1461013b575b5b60008054600160a060020a0316903490366040518083838082843782019150509250505060006040518083038185876187965a03f192505050151561007f57600080fd5b7f69b31548dea9b3b707b4dff357d326e3e9348b24e7a6080a218a6edeeec48f9b3334600036604051600160a060020a0385168152602081018490526060604082018181529082018390526080820184848082843782019150509550505050505060405180910390a15b005b34156100f657600080fd5b6100fe610150565b604051600160a060020a03909116815260200160405180910390f35b341561012557600080fd5b6100e9600160a060020a036004351661015f565b005b341561014657600080fd5b6100e96102dc565b005b600054600160a060020a031681565b600080548190819033600160a060020a0390811691161461017f57600080fd5b83925030915082600160a060020a03166370a082318360006040516020015260405160e060020a63ffffffff8416028152600160a060020a039091166004820152602401602060405180830381600087803b15156101dc57600080fd5b6102c65a03f115156101ed57600080fd5b5050506040518051915050801515610204576102d5565b60008054600160a060020a038086169263a9059cbb929091169084906040516020015260405160e060020a63ffffffff8516028152600160a060020a0390921660048301526024820152604401602060405180830381600087803b151561026a57600080fd5b6102c65a03f1151561027b57600080fd5b50505060405180519050151561029057600080fd5b7f9401e4e79c19cbe2bd774cb70a94ba660e6718be1bac1298ab3b07f454a608218482604051600160a060020a03909216825260208201526040908101905180910390a15b5b50505050565b600054600160a060020a039081169030163160405160006040518083038185876187965a03f192505050151561031157600080fd5b5b5600a165627a7a72305820d0f8838ba17108a895d34ae8ef3bff4e0dc9d639c3c51921fee1d17eaa8037210029,['0x3ef13367' '0x6b9f96ea' '0xffffffff'],False,False,2021-02-25 00:00:07+00:00,11922947
98,0x9c36901c82b9dec1381e4fd3e2bcac2533761c99,0x5836818037808036817364b29dc43e817817cf77468c8dda63d98ce08fb25af43d91908282803e602b57fd5bf3,[],False,False,2022-01-18 01:13:46+00:00,14026531
99,0xc85d82e7ef83092f41a99e8e6fc11bafefbee884,0x6080604052346100425760405136600082376000803683737afb99f7f15a9fb7551d8ff50e66544a05a8a3c15af43d806000843e81801561003e578184f35b8184fd5b600080546040516001600160a01b03909116913480156108fc02929091818181858888f1935050505015801561007c573d6000803e3d6000fd5b507ffeaeb85a203dc2411117236a8862ae7de8396b089e088a8d44bd6072f84fd0e2333460003660405180856001600160a01b03166001600160a01b03168152602001848152602001806020018281038252848482818152602001925080828437600083820152604051601f909101601f191690920182900397509095505050505050a100fea265627a7a72305820371b1634c925da1935ab3c163f35b299ecac19e878cd7abdbc0393ab4c0e5b9064736f6c634300050a0032,[],False,False,2021-02-25 05:23:51+00:00,11924388
